{"cameraMode":{"drawMode":0,"name":"Shaded","section":"Shading Mode"},"sceneLighting":false,"audioPlay":false,"sceneViewState":{"m_AlwaysRefresh":false,"showFog":true,"showSkybox":false,"showFlares":true,"showImageEffects":true,"showParticleSystems":true,"showVisualEffectGraphs":true,"m_FxEnabled":true},"in2DMode":false,"pivot":{"x":1.1920928955078126e-7,"y":11.154069900512696,"z":-0.08312201499938965},"rotation":{"x":-0.4162136912345886,"y":-0.01036874484270811,"z":0.004745832644402981,"w":-0.9091910123825073},"size":3.2360126972198488,"orthographic":false}